AMULET,QUANITY
Amulet of fury,1222
Amulet of torture,394
Occult necklace,321
Amulet of glory,241
Amulet of glory(6),207
Amulet of glory(4),204
Amulet of glory(3),202
Amulet of glory(1),187
Amulet of glory(2),165
Amulet of strength,148
Amulet of glory(5),142
Necklace of anguish,111
Members object,109
Amulet of power,96
Xeric's talisman,82
Salve amulet(ei),81
Strength amulet (t),58
Amulet of fury (or),52
Amulet of torture (or),47
Amulet of accuracy,35
Gnome scarf,28
Ghostspeak amulet,23
Amulet of magic,23
Salve amulet (e),19
Amulet of chemistry,17
Rainbow scarf,15
Berserker necklace,12
Amulet of magic (t),11
Occult necklace (or),11
Witchwood icon,11
Games necklace(7),10
Amulet of glory (t6),10
Necklace of anguish (or),10
Games necklace(8),9
Games necklace(4),8
Amulet of glory (t),8
Skills necklace(4),8
Digsite pendant (1),8
Gnome amulet,8
Holy symbol,8
Games necklace(3),7
Digsite pendant (4),7
Shayzien house scarf,7
Amulet of defence,7
Skills necklace(5),6
Desert amulet 4,6
Digsite pendant (2),6
Games necklace(2),6
Seal of passage,6
Games necklace(1),5
Games necklace(5),5
Digsite pendant (3),5
Amulet of eternal glory,5
Skills necklace(2),5
Skills necklace(1),5
Skills necklace(3),5
Catspeak amulet,4
3rd age amulet,4
Amulet of avarice,4
Brass necklace,4
Salve amulet,4
Dragonbone necklace,4
Piscarilius house scarf,4
Games necklace(6),4
Lovakengj house scarf,4
Gold necklace,4
Binding necklace,3
Jester scarf,3
Yin yang amulet,3
Amulet of glory (t5),3
Amulet of the damned,3
Armadyl stole,3
Unholy symbol,3
Strung rabbit foot,3
Zamorak stole,3
Lunar amulet,3
Necklace of passage(4),3
Amulet of nature,3
Burning amulet(3),3
Saradomin stole,3
Dark bow tie,3
Amulet of glory (t4),2
Necklace of passage(1),2
M'speak amulet,2
Desert amulet 2,2
Burning amulet(1),2
Necklace of passage(3),2
Amulet of glory (t1),2
Opal necklace,2
Burning amulet(5),2
Digsite pendant (5),2
Desert amulet 3,2
Dodgy necklace,2
Salve amulet(i),2
Diamond necklace,1
Tri-jester scarf,1
Unblessed symbol,1
Bobble scarf,1
Woolly scarf,1
Arceuus house scarf,1
10th squad sigil,1
Burning amulet(2),1
Amulet of glory (t3),1
Skills necklace,1
Hazeel's mark,1
Gold amulet,1
Ruby necklace,1
Ham logo,1
Glarial's amulet,1
Amulet of glory (t2),1
Burning amulet(4),1
Emerald necklace,1
Armadyl pendant,1
Drakan's medallion,1
Skills necklace(6),1
Ruby amulet,1
Cat training medal,1
Diamond amulet,1
Phoenix necklace,1
Necklace of passage(5),1
Sapphire necklace,1