GLOVES,QUANITY
Barrows gloves,1088
Graceful gloves,414
Void knight gloves,302
Black d'hide vamb,174
Combat bracelet(6),174
Regen bracelet,146
Mithril gloves,116
Combat bracelet,114
Leather gloves,108
Red d'hide vamb,105
Yellow gloves,99
Members object,97
Combat bracelet(4),94
Red gloves,93
Rune gloves,79
Tormented bracelet,77
Dragon gloves,77
Combat bracelet(5),71
Green d'hide vamb,68
Bracelet of ethereum,67
Combat bracelet(3),64
Granite gloves,64
Combat bracelet(2),58
Blue d'hide vamb,46
Adamant gloves,43
Mystic gloves (dark),35
Leather vambraces,35
Armadyl bracers,34
Mystic gloves,33
Combat bracelet(1),33
Zamorak bracers,29
Grey gloves,28
Teal gloves,27
Infinity gloves,26
Cooking gauntlets,26
Warm gloves,24
Mime gloves,24
Guthix bracers,24
Purple gloves,22
Saradomin bracers,19
Ghostly gloves,17
Black spiky vambs,15
Ice gloves,15
Mystic gloves (light),14
Expeditious bracelet,14
Shayzien gloves (5),14
Ancient bracers,13
Ranger gloves,13
Bandos bracers,12
Gloves of darkness,10
Zombie gloves,9
Karamja gloves 3,8
Fremennik gloves,8
Splitbark gauntlets,8
Chaos gauntlets,7
White gloves,7
Samurai gloves,7
Holy wraps,7
Bracelet of slaughter,7
Black gloves,7
Red spiky vambs,7
Snakeskin vambraces,6
Clue hunter gloves,6
Steel gloves,6
Lunar gloves,6
Gloves of silence,5
Moonclan gloves,5
Skeleton gloves,5
Rock-shell gloves,4
Expert mining gloves,4
Karamja gloves 1,4
Crab claw,4
Ham gloves,4
Santa gloves,3
Rogue gloves,3
Skeletal gloves,3
Green spiky vambs,3
Karamja gloves 4,3
Light tuxedo cuffs,3
Blue spiky vambs,3
Ankou gloves,3
Dark tuxedo cuffs,3
Penance gloves,2
Klank's gauntlets,2
Superior mining gloves,2
Spined gloves,2
Crabclaw hook,2
Slayer gloves,2
Bronze gloves,2
Pirate's hook,1
Bracelet of clay,1
Castle wars bracelet(1),1
Snow imp costume gloves,1
Onyx bracelet,1
Goldsmith gauntlets,1
Iron gloves,1
Bunny paws,1
Castle wars bracelet(3),1
Shayzien gloves (2),1
Mining gloves,1
Villager armband,1
Diamond bracelet,1
Abyssal bracelet(5),1
Karamja gloves 2,1
Gold bracelet,1