HELMET,QUANITY
Helm of neitiznot,448
Slayer helmet (i),435
Graceful hood,368
Slayer helmet,197
Void ranger helm,143
Rune full helm,140
Berserker helm,119
Robin hood hat,98
Members object,89
Dragon med helm,89
Black slayer helmet (i),85
Void melee helm,84
Snakeskin bandana,83
Archer helm,73
Void mage helm,69
Red slayer helmet (i),56
Elder chaos hood,55
Adamant full helm,53
Purple slayer helmet (i),52
Serpentine helm,51
Coif,51
Iron full helm,49
Black mask,41
Verac's helm 100,39
Obsidian helmet,38
Turquoise slayer helmet (i),36
Mystic hat,34
Ghostly hood,34
Rune full helm (g),31
Zamorak full helm,28
Mithril full helm,28
Farseer helm,26
Red partyhat,24
Santa hat,24
Saradomin full helm,22
Armadyl helmet,22
Ancestral hat,22
Guthix coif,21
Ahrim's hood 100,20
Blue wizard hat,20
Xerician hat,19
Saradomin coif,19
Adamant full helm (g),19
Pyromancer hood,18
White partyhat,18
Zamorak halo,17
Mystic hat (dark),17
Prospector helmet,16
Wizard hat,16
Ancient coif,16
Black full helm,15
Armadyl coif,15
Bearhead,15
Red halloween mask,15
Zamorak coif,15
Verac's helm,14
Guthan's helm 100,14
Green slayer helmet (i),14
Warrior helm,14
Shayzien helm (5),14
Guthix full helm,13
Rune full helm (t),12
Iron full helm (g),12
Ancient full helm,12
Partyhat & specs,12
Verac's helm 75,11
Torag's helm 100,11
Black mask (i),11
Blue partyhat,11
Mystic hat (light),10
White cavalier,10
Nose peg,10
Dharok's helm 100,10
Granite helm,10
Musketeer hat,10
Purple partyhat,10
Magma helm,10
Mithril full helm (t),9
Justiciar faceguard,9
Earmuffs,9
Hood of darkness,9
Angler hat,9
Initiate sallet,9
Steel full helm,9
Ahrim's hood,8
Dragon full helm,8
Gilded full helm,8
Red slayer helmet,8
Guthix mitre,8
Black cavalier,8
Spiny helmet,7
Mithril full helm (g),7
Ahrim's hood 50,7
Adamant full helm (t),7
Armadyl full helm,7
Druidic wreath,7
Proselyte sallet,7
Armadyl mitre,7
Fighter hat,7
Bandos full helm,7
Saradomin mitre,7
Frog mask,7
Bandos coif,7
Golden chef's hat,6
Cooking hood,6
Saradomin halo,6
Yellow partyhat,6
Infinity hat,6
Green partyhat,6
Red hat,6
Lunar helm,6
Blue halloween mask,6
Lederhosen hat,6
Leather cowl,6
Ahrim's hood 75,5
Torag's helm 75,5
Farming hood,5
Black slayer helmet,5
Farmer's strawhat,5
Dark infinity hat,5
Tanzanite helm,5
Cavalier mask,5
Tribal mask,5
Splitbark helm,5
Ancient mitre,5
Black demon mask,5
Guthan's helm 50,5
Facemask,5
Blue wizard hat (g),4
Black full helm (g),4
Fire tiara,4
Rogue mask,4
Red dragon mask,4
Torag's helm,4
Strength hood,4
Cream hat,4
Karil's coif 75,4
Enchanted hat,4
Verac's helm 50,4
Dharok's helm,4
Zamorak mitre,4
Kandarin headgear 2,4
Green hat,4
Black h'ween mask,4
Guthan's helm 75,4
Bandana eyepatch,4
Fremennik hat,4
Quest point hood,4
Shayzien house hood,4
Bandos mitre,4
Pink hat,3
Guthix halo,3
Mime mask,3
Black dragon mask,3
Black leprechaun hat,3
Chef's hat,3
Black wizard hat (t),3
Old demon mask,3
Blue wizard hat (t),3
Crier hat,3
Attack hood,3
Light infinity hat,3
Magic hood,3
Iron full helm (t),3
Rune med helm,3
Blue hat,3
Fedora,3
Moonclan hat,3
Bronze full helm (t),3
Bronze full helm (g),3
Red beret,3
Red cavalier,3
Black mask (10),3
Decorative armour,3
Fletching hood,3
Royal crown,3
White beret,3
Pirate's hat,2
Lava dragon mask,2
Purple hat,2
Fishbowl helmet,2
Greater demon mask,2
Ahrim's hood 25,2
Pirate bandana,2
Navy cavalier,2
Mind helmet,2
Firemaking hood,2
Bunny ears,2
Earth tiara,2
Menaphite purple hat,2
Black mask (3),2
Afro,2
Kandarin headgear 4,2
Black mask (6),2
Arceuus house hood,2
Grey hat,2
Corrupted helm,2
Inverted santa hat,2
Evil chicken head,2
Black partyhat,2
Bronze dragon mask,2
3rd age mage hat,2
Highwayman mask,2
Camo helmet,2
Kandarin headgear 1,2
Bomber cap,2
Black mask (5),2
Green dragon mask,2
Banshee mask,2
Sagacious spectacles,2
Purple boater,2
Mithril med helm,2
Turquoise hat,2
Blacksmith's helm,2
Purple slayer helmet,2
Mask of balance,2
Hard hat,2
Prayer hood,2
Desert disguise,2
Rainbow partyhat,2
Green halloween mask,2
Ranging hood,2
Black wizard hat (g),2
White unicorn mask,2
Larupia hat,2
Hornwood helm,2
Adamant med helm,2
Lumberjack hat,2
Karil's coif,2
Dharok's helm 75,2
Chicken head,1
Black boater,1
Runner hat,1
Teal hat,1
Gas mask,1
Black mask (4),1
Gold helmet,1
Steel heraldic helm,1
Woolly hat,1
Hardcore ironman helm,1
Dwarven helmet,1
Snow imp costume head,1
3rd age full helmet,1
Skeleton mask,1
Crab helmet,1
Wrath tiara,1
Black helm (h5),1
Guthan's helm,1
Karil's coif 100,1
Blue boater,1
Karil's coif 25,1
Black mask (1),1
Turquoise slayer helmet,1
Top hat,1
Santa mask,1
Bowl wig,1
Chaos tiara,1
Jungle demon mask,1
Dragon full helm (g),1
Wise old man's santa hat,1
Black unicorn mask,1
Bronze med helm,1
Rune helm (h5),1
Pith helmet,1
Hosidius house hood,1
Guthan's helm 25,1
Rune heraldic helm,1
Black med helm,1
Rune helm (h4),1
Mind tiara,1
Hunter's honour,1
Jonas mask,1
Adamant helm (h5),1
Skeletal helm,1
Blue beret,1
Helm of raedwald,1
Kandarin headgear 3,1
Jack lantern mask,1
Gilded med helm,1
Tyras helm,1
Black mask (10) (i),1
Ahrim's hood 0,1
Pink boater,1
Mining helmet,1
Runecrafting hood,1
Brown headband,1
Black santa hat,1
Hitpoints hood,1
Iron med helm,1
Deerstalker,1
Herblore hood,1
Samurai kasa,1
Bucket helm (g),1
Slayer hood,1
Yellow hat,1
Rock-shell helm,1
Steel full helm (g),1
Pirate hat & patch,1
Lesser demon mask,1
Khazard helmet,1
Black helm (h3),1
Black mask (9),1
Fake beak,1
Gnome goggles,1
Lovakengj house hood,1
Fez,1
Steel full helm (t),1